{"cameraMode":{"drawMode":0,"name":"Shaded","section":"Shading Mode"},"sceneLighting":false,"audioPlay":false,"sceneViewState":{"m_AlwaysRefresh":false,"showFog":true,"showSkybox":false,"showFlares":true,"showImageEffects":true,"showParticleSystems":true,"showVisualEffectGraphs":true,"m_FxEnabled":true},"in2DMode":false,"pivot":{"x":0.09025191515684128,"y":0.7841176986694336,"z":1.9693479537963868},"rotation":{"x":-0.006039494648575783,"y":0.9939478039741516,"z":-0.07439611107110977,"w":-0.08068519830703736},"size":1.7875490188598633,"orthographic":false}